Time,PV(degC),SP(degC),MV(%)
7:10:10 AM,40.00861817,null,40
7:10:13 AM,40.00861817,null,40
7:10:14 AM,40.34841411,null,40
7:10:15 AM,40.45035963,null,40
7:10:15 AM,40.45035963,null,40
7:10:16 AM,40.45035963,null,40
7:10:17 AM,40.55230826,null,40
7:10:18 AM,40.68824459,null,40
7:10:19 AM,40.79020048,null,40
7:10:19 AM,40.89215947,null,40
7:10:21 AM,40.89215947,null,40
7:10:23 AM,41.09608678,null,40
7:10:24 AM,41.30002653,null,40
7:10:25 AM,41.30002653,null,40
7:10:25 AM,41.30002653,null,40
7:10:25 AM,41.43599328,null,40
7:10:26 AM,41.43599328,null,40
7:10:27 AM,41.53797197,null,40
7:10:28 AM,41.60595949,null,40
7:10:29 AM,41.74193869,null,40
7:10:30 AM,41.84392671,null,40
7:10:31 AM,41.94591785,null,40
7:10:32 AM,42.0479121,null,40
7:10:33 AM,42.0479121,null,40
7:10:34 AM,42.11591,null,40
7:10:35 AM,42.25190995,null,40
7:10:36 AM,42.35391354,null,40
7:10:37 AM,42.45592025,null,40
7:10:38 AM,42.55793007,null,40
7:10:39 AM,42.659943,null,40
7:10:40 AM,42.76195905,null,40
7:10:41 AM,42.86397822,null,40
7:10:42 AM,42.86397822,null,40
7:10:43 AM,42.9660005,null,40
7:10:44 AM,43.06802589,null,40
7:10:45 AM,43.13604455,null,40
7:10:46 AM,43.27208603,null,40
7:10:47 AM,43.37412078,null,40
7:10:48 AM,43.37412078,null,40
7:10:49 AM,43.47615864,null,40
7:10:50 AM,43.54418561,null,40
7:10:51 AM,43.64622867,null,40
7:10:52 AM,43.74827484,null,40
7:10:53 AM,43.88434125,null,40
7:10:54 AM,43.9863947,null,40
7:10:55 AM,44.08845127,null,40
7:10:56 AM,44.08845127,null,40
7:10:57 AM,44.15649072,null,40
7:10:58 AM,44.29257376,null,40
7:10:59 AM,44.36061737,null,40
7:11:00 AM,44.42866236,null,40
7:11:01 AM,44.53073244,null,40
7:11:02 AM,44.66683074,null,40
7:11:03 AM,44.70085618,null,40
7:11:04 AM,44.70085618,null,40
7:11:05 AM,44.83696142,null,40
7:11:06 AM,44.93904398,null,40
7:11:07 AM,45.04112967,null,40
7:11:08 AM,45.10918853,null,40
7:11:09 AM,45.24531041,null,40
7:11:10 AM,45.31337343,null,40
7:11:12 AM,45.41547057,null,40
7:11:13 AM,45.48353706,null,40
7:11:13 AM,45.48353706,null,40
7:11:14 AM,45.5856394,null,40
7:11:16 AM,45.68774486,null,40
7:11:17 AM,45.78985344,null,40
7:11:18 AM,45.85792757,null,40
7:11:19 AM,45.96004136,null,40
7:11:20 AM,46.02811895,null,40
7:11:21 AM,46.13023795,null,40
7:11:22 AM,46.23236007,null,40
7:11:24 AM,46.33448532,null,40
7:11:25 AM,46.50470101,null,40
7:11:26 AM,46.50470101,null,40
7:11:26 AM,46.57278972,null,40
7:11:27 AM,46.57278972,null,40
7:11:28 AM,46.67492538,null,40
7:11:29 AM,46.77706417,null,40
7:11:30 AM,46.84515844,null,40
7:11:31 AM,46.98135114,null,40
7:11:32 AM,46.98135114,null,40
7:11:33 AM,47.04944957,null,40
7:11:34 AM,47.11754939,null,40
7:11:36 AM,47.28780503,null,40
7:11:37 AM,47.28780503,null,40
7:11:38 AM,47.49212327,null,40
7:11:38 AM,47.49212327,null,40
7:11:39 AM,47.56023212,null,40
7:11:40 AM,47.56023212,null,40
7:11:41 AM,47.66239802,null,40
7:11:42 AM,47.76456704,null,40
7:11:43 AM,47.79862408,null,40
7:11:44 AM,47.90079728,null,40
7:11:45 AM,47.96891448,null,40
7:11:46 AM,48.07109289,null,40
7:11:47 AM,48.07109289,null,40
7:11:48 AM,48.20733565,null,40
7:11:49 AM,48.27545911,null,40
7:11:50 AM,48.34358396,null,40
7:11:51 AM,48.37764691,null,40
7:11:52 AM,48.51390219,null,40
7:11:53 AM,48.58203191,null,40
7:11:54 AM,48.58203191,null,40
7:11:55 AM,48.75236231,null,40
7:11:56 AM,48.85456473,null,40
7:11:59 AM,48.8886329,null,40
7:11:59 AM,48.99083949,null,40
7:11:59 AM,49.09304921,null,40
7:12:00 AM,49.09304921,null,40
7:12:01 AM,49.16119077,null,40
7:12:04 AM,49.33155076,null,40
7:12:06 AM,49.33155076,null,40
7:12:06 AM,49.39969719,null,40
7:12:07 AM,49.53599423,null,40
7:12:07 AM,49.53599423,null,40
7:12:07 AM,49.53599423,null,40
7:12:08 AM,49.63822067,null,40
7:12:09 AM,49.70637337,null,40
7:12:10 AM,49.70637337,null,40
7:12:11 AM,49.80860503,null,40
7:12:12 AM,49.87676121,null,40
7:12:13 AM,49.97899809,null,40
7:12:14 AM,50.01307775,null,40
7:12:29 AM,50.96744968,null,40
7:13:29 AM,53.66161638,null,40
7:14:29 AM,56.66528203,null,40
7:15:00 AM,57.99731955,null,40
7:15:00 AM,57.99731955,null,40
7:15:01 AM,58.09980607,null,40
7:15:02 AM,58.13396895,null,40
7:15:03 AM,58.13396895,null,40
7:15:04 AM,58.16813218,null,40
7:15:05 AM,58.23645968,null,40
7:15:06 AM,58.27062396,null,40
7:15:07 AM,58.33895358,null,40
7:15:08 AM,58.37311891,null,40
7:15:09 AM,58.40728459,null,40
7:15:10 AM,58.40728459,null,40
7:15:11 AM,58.47561701,null,40
7:15:12 AM,58.50978375,null,40
7:15:13 AM,58.54395084,null,40
7:15:14 AM,58.61228607,null,40
7:15:15 AM,58.61228607,null,40
7:15:16 AM,58.6806227,null,40
7:15:17 AM,58.74896074,null,40
7:15:18 AM,58.74896074,null,40
7:15:19 AM,58.78313029,null,40
7:15:20 AM,58.85147043,null,40
7:15:21 AM,58.91981198,null,40
7:15:22 AM,58.95398329,null,40
7:15:23 AM,58.98815494,null,40
7:15:24 AM,59.02232694,null,40
7:15:25 AM,59.02232694,null,40
7:15:26 AM,59.090672,null,40
7:15:27 AM,59.12484506,null,40
7:15:28 AM,59.15901847,null,40
7:15:29 AM,59.22736634,null,40
7:15:30 AM,59.26154081,null,40
7:15:31 AM,59.32989079,null,40
7:15:32 AM,59.32989079,null,40
7:15:33 AM,59.3640663,null,40
7:15:34 AM,59.39824217,null,40
7:15:35 AM,59.43241839,null,40
7:15:36 AM,59.50077188,null,40
7:15:37 AM,59.53494916,null,40
7:15:38 AM,59.60330476,null,40
7:15:39 AM,59.63748309,null,40
7:15:40 AM,59.63748309,null,40
7:15:41 AM,59.67166177,null,40
7:15:42 AM,59.74002018,null,40
7:15:43 AM,59.77419991,null,40
7:15:44 AM,59.80838,null,40
7:15:45 AM,59.84256043,null,40
7:15:46 AM,59.91092236,null,40
7:15:47 AM,59.94510385,null,40
7:15:48 AM,59.94510385,null,40
7:15:49 AM,59.94510385,null,40
7:15:50 AM,60.01346789,null,40
7:15:51 AM,60.04765044,null,40
7:15:52 AM,60.04765044,null,40
7:15:53 AM,60.11601658,null,40
7:15:54 AM,60.11601658,null,40
7:15:55 AM,60.18438413,null,40
7:15:56 AM,60.21856844,null,40
7:15:57 AM,60.25275309,null,40
7:15:58 AM,60.2869381,null,40
7:15:59 AM,60.32112346,null,40
7:16:00 AM,60.35530917,null,40
7:16:01 AM,60.42368164,null,40
7:16:02 AM,60.42368164,null,40
7:16:03 AM,60.42368164,null,40
7:16:04 AM,60.49205552,null,40
7:16:05 AM,60.52624299,null,40
7:16:06 AM,60.56043081,null,40
7:16:07 AM,60.62880751,null,40
7:16:08 AM,60.62880751,null,40
7:16:09 AM,60.66299638,null,40
7:16:10 AM,60.66299638,null,40
7:16:11 AM,60.73137519,null,40
7:16:12 AM,60.76556512,null,40
7:16:13 AM,60.7997554,null,40
7:16:14 AM,60.86813702,null,40
7:16:15 AM,60.86813702,null,40
7:16:16 AM,60.93652005,null,40
7:16:17 AM,60.93652005,null,40
7:16:18 AM,60.97071209,null,40
7:16:19 AM,60.97071209,null,40
7:16:20 AM,61.07329032,null,40
7:16:21 AM,61.07329032,null,40
7:16:22 AM,61.10748377,null,40
7:16:23 AM,61.14167757,null,40
7:16:24 AM,61.14167757,null,40
7:16:25 AM,61.17587172,null,40
7:16:26 AM,61.21006623,null,40
7:16:27 AM,61.27845629,null,40
7:16:28 AM,61.31265185,null,40
7:16:29 AM,61.38104403,null,40
7:16:30 AM,61.41524064,null,40
7:16:31 AM,61.41524064,null,40
7:16:32 AM,61.44943761,null,40
7:16:33 AM,61.44943761,null,40
7:16:34 AM,61.5178326,null,40
7:16:35 AM,61.5178326,null,40
7:16:36 AM,61.55203063,null,40
7:16:37 AM,61.62042773,null,40
7:16:38 AM,61.65462681,null,40
7:16:39 AM,61.65462681,null,40
7:16:40 AM,61.72302603,null,40
7:16:41 AM,61.72302603,null,40
7:16:42 AM,61.79142665,null,40
7:16:43 AM,61.79142665,null,40
7:16:44 AM,61.82562749,null,40
7:16:45 AM,61.85982868,null,40
7:16:46 AM,61.92823213,null,40
7:16:47 AM,61.92823213,null,40
7:16:48 AM,61.92823213,null,40
7:16:49 AM,61.96243437,null,40
7:16:50 AM,61.96243437,null,40
7:16:51 AM,62.03083993,null,40
7:16:52 AM,62.06504323,null,40
7:16:53 AM,62.06504323,null,40
7:16:54 AM,62.06504323,null,40
7:16:55 AM,62.1334509,null,40
7:16:56 AM,62.1334509,null,40
7:16:57 AM,62.20185998,null,40
7:16:58 AM,62.20185998,null,40
7:16:59 AM,62.23606504,null,40
7:17:00 AM,62.30447623,null,40
7:17:01 AM,62.30447623,null,40
7:17:02 AM,62.30447623,null,40
7:17:03 AM,62.33868236,null,40
7:17:04 AM,62.37288883,null,40
7:17:05 AM,62.44130284,null,40
7:17:06 AM,62.44130284,null,40
7:17:07 AM,62.47551037,null,40
7:17:08 AM,62.50971826,null,40
7:17:09 AM,62.50971826,null,40
7:17:10 AM,62.54392649,null,40
7:17:11 AM,62.54392649,null,40
7:17:12 AM,62.64655332,null,40
7:17:13 AM,62.64655332,null,40
7:17:14 AM,62.71497296,null,40
7:17:15 AM,62.71497296,null,40
7:17:16 AM,62.74918332,null,40
7:17:17 AM,62.74918332,null,40
7:17:18 AM,62.78339402,null,40
7:17:19 AM,62.81760508,null,40
7:17:20 AM,62.85181648,null,40
7:17:21 AM,62.85181648,null,40
7:17:22 AM,62.92024036,null,40
7:17:23 AM,62.92024036,null,40
7:17:24 AM,62.92024036,null,40
7:17:25 AM,62.95445282,null,40
7:17:26 AM,63.02287881,null,40
7:17:27 AM,63.02287881,null,40
7:17:28 AM,63.02287881,null,40
7:17:29 AM,63.09130621,null,40
7:17:30 AM,63.09130621,null,40
7:17:31 AM,63.09130621,null,40
7:17:32 AM,63.12552044,null,40
7:17:33 AM,63.15973502,null,40
7:17:34 AM,63.19394996,null,40
7:17:35 AM,63.22816524,null,40
7:17:36 AM,63.26238088,null,40
7:17:37 AM,63.26238088,null,40
7:17:38 AM,63.29659687,null,40
7:17:39 AM,63.33081321,null,40
7:17:40 AM,63.36502991,null,40
7:17:41 AM,63.39924696,null,40
7:17:42 AM,63.43346436,null,40
7:17:43 AM,63.43346436,null,40
7:17:44 AM,63.46768211,null,40
7:17:45 AM,63.46768211,null,40
7:17:46 AM,63.50190022,null,40
7:17:47 AM,63.57033749,null,40
7:17:48 AM,63.57033749,null,40
7:17:49 AM,63.60455666,null,40
7:17:50 AM,63.63877617,null,40
7:17:51 AM,63.67299604,null,40
7:17:52 AM,63.67299604,null,40
7:17:53 AM,63.67299604,null,40
7:17:54 AM,63.70721627,null,40
7:17:55 AM,63.74143684,null,40
7:17:56 AM,63.74143684,null,40
7:17:57 AM,63.80987905,null,40
7:17:58 AM,63.84410069,null,40
7:17:59 AM,63.84410069,null,40
7:18:00 AM,63.84410069,null,40
7:18:01 AM,63.87832267,null,40
7:18:02 AM,63.91254501,null,40
7:18:03 AM,63.91254501,null,40
7:18:04 AM,63.9467677,null,40
7:18:05 AM,64.01521415,null,40
7:18:06 AM,64.01521415,null,40
7:18:07 AM,64.01521415,null,40
7:18:08 AM,64.0494379,null,40
7:18:09 AM,64.083662,null,40
7:18:10 AM,64.0494379,null,40
7:18:11 AM,64.083662,null,40
7:18:12 AM,64.15211126,null,40
7:18:13 AM,64.15211126,null,40
7:18:14 AM,64.18633642,null,40
7:18:15 AM,64.18633642,null,40
7:18:16 AM,64.22056194,null,40
7:18:17 AM,64.22056194,null,40
7:18:18 AM,64.25478781,null,40
7:18:19 AM,64.28901403,null,40
7:18:20 AM,64.3232406,null,40
7:18:21 AM,64.3232406,null,40
7:18:22 AM,64.3232406,null,40
7:18:23 AM,64.39169481,null,40
7:18:24 AM,64.39169481,null,40
7:18:25 AM,64.39169481,null,40
7:18:26 AM,64.46015042,null,40
7:18:27 AM,64.46015042,null,40
7:18:28 AM,64.46015042,null,40
7:18:29 AM,64.46015042,null,40
7:18:30 AM,64.49437876,null,40
7:18:31 AM,64.56283649,null,40
7:18:32 AM,64.52860745,null,40
7:18:33 AM,64.59706589,null,40
7:18:34 AM,64.59706589,null,40
7:18:35 AM,64.59706589,null,40
7:18:36 AM,64.63129564,null,40
7:18:37 AM,64.63129564,null,40
7:18:38 AM,64.66552574,null,40
7:18:39 AM,64.66552574,null,40
7:18:40 AM,64.73398701,null,40
7:18:41 AM,64.76821817,null,40
7:18:42 AM,64.80244969,null,40
7:18:43 AM,64.80244969,null,40
7:18:44 AM,64.87091377,null,40
7:18:45 AM,64.87091377,null,40
7:18:46 AM,64.87091377,null,40
7:18:47 AM,64.90514635,null,40
7:18:48 AM,64.93937928,null,40
7:18:50 AM,64.97361256,null,40
7:18:51 AM,64.97361256,null,40
7:18:51 AM,64.97361256,null,40
7:18:52 AM,65.04208018,null,40
7:18:53 AM,65.04208018,null,40
7:18:54 AM,65.04208018,null,40
7:18:55 AM,65.07631452,null,40
7:18:56 AM,65.11054921,null,40
7:18:57 AM,65.14478425,null,40
7:18:58 AM,65.14478425,null,40
7:18:59 AM,65.14478425,null,40
7:19:00 AM,65.17901965,null,40
7:19:01 AM,65.21325541,null,40
7:19:02 AM,65.24749151,null,40
7:19:03 AM,65.24749151,null,40
7:19:04 AM,65.28172797,null,40
7:19:05 AM,65.28172797,null,40
7:19:06 AM,65.28172797,null,40
7:19:07 AM,65.31596478,null,40
7:19:08 AM,65.35020195,null,40
7:19:09 AM,65.35020195,null,40
7:19:10 AM,65.38443946,null,40
7:19:11 AM,65.41867734,null,40
7:19:12 AM,65.41867734,null,40
7:19:13 AM,65.45291556,null,40
7:19:14 AM,65.45291556,null,40
7:19:15 AM,65.48715414,null,40
7:19:16 AM,65.52139307,null,40
7:19:17 AM,65.52139307,null,40
7:19:18 AM,65.55563236,null,40
7:19:19 AM,65.58987199,null,40
7:19:20 AM,65.58987199,null,40
7:19:21 AM,65.58987199,null,40
7:19:22 AM,65.62411199,null,40
7:19:23 AM,65.62411199,null,40
7:19:24 AM,65.69259303,null,40
7:19:25 AM,65.69259303,null,40
7:19:26 AM,65.72683408,null,40
7:19:27 AM,65.76107548,null,40
7:19:28 AM,65.76107548,null,40
7:19:29 AM,65.76107548,null,40
7:19:30 AM,65.79531724,null,40
7:19:31 AM,65.82955935,null,40
7:19:32 AM,65.79531724,null,40
7:19:33 AM,65.82955935,null,40
7:19:34 AM,65.86380182,null,40
7:19:35 AM,65.89804464,null,40
7:19:36 AM,65.89804464,null,40
7:19:37 AM,65.89804464,null,40
7:19:38 AM,65.96653133,null,40
7:19:39 AM,65.93228781,null,40
7:19:40 AM,66.00077521,null,40
7:19:41 AM,66.00077521,null,40
7:19:42 AM,66.03501944,null,40
7:19:43 AM,66.03501944,null,40
7:19:44 AM,66.03501944,null,40
7:19:45 AM,66.06926403,null,40
7:19:46 AM,66.06926403,null,40
7:19:47 AM,66.10350897,null,40
7:19:48 AM,66.10350897,null,40
7:19:49 AM,66.13775426,null,40
7:19:50 AM,66.13775426,null,40
7:19:51 AM,66.13775426,null,40
7:19:52 AM,66.17199991,null,40
7:19:53 AM,66.17199991,null,40
7:19:54 AM,66.2062459,null,40
7:19:55 AM,66.24049226,null,40
7:19:56 AM,66.24049226,null,40
7:19:57 AM,66.24049226,null,40
7:19:58 AM,66.30898602,null,40
7:19:59 AM,66.30898602,null,40
7:20:00 AM,66.30898602,null,40
7:20:01 AM,66.30898602,null,40
7:20:02 AM,66.30898602,null,40
7:20:03 AM,66.3774812,null,40
7:20:04 AM,66.3774812,null,40
7:20:05 AM,66.41172932,null,40
7:20:06 AM,66.41172932,null,40
7:20:07 AM,66.4459778,null,40
7:20:08 AM,66.41172932,null,40
7:20:09 AM,66.4459778,null,40
7:20:10 AM,66.4459778,null,40
7:20:11 AM,66.48022663,null,40
7:20:12 AM,66.51447581,null,40
7:20:13 AM,66.54872534,null,40
7:20:14 AM,66.54872534,null,40
7:20:15 AM,66.54872534,null,40
7:20:16 AM,66.58297523,null,40
7:20:17 AM,66.58297523,null,40
7:20:18 AM,66.58297523,null,40
7:20:19 AM,66.61722547,null,40
7:20:20 AM,66.61722547,null,40
7:20:21 AM,66.65147607,null,40
7:20:22 AM,66.65147607,null,40
7:20:23 AM,66.68572702,null,40
7:20:24 AM,66.68572702,null,40
7:20:25 AM,66.71997832,null,40
7:20:26 AM,66.75422998,null,40
7:20:27 AM,66.75422998,null,40
7:20:28 AM,66.78848199,null,40
7:20:29 AM,66.75422998,null,40
7:20:30 AM,66.82273435,null,40
7:20:31 AM,66.82273435,null,40
7:20:32 AM,66.78848199,null,40
7:20:33 AM,66.85698707,null,40
7:20:34 AM,66.85698707,null,40
7:20:35 AM,66.89124014,null,40
7:20:36 AM,66.89124014,null,40
7:20:37 AM,66.92549357,null,40
7:20:38 AM,66.92549357,null,40
7:20:39 AM,66.92549357,null,40
7:20:40 AM,66.95974735,null,40
7:20:41 AM,67.02825597,null,40
7:20:42 AM,66.95974735,null,40
7:20:43 AM,67.02825597,null,40
7:20:44 AM,67.02825597,null,40
7:20:45 AM,67.02825597,null,40
7:20:46 AM,67.02825597,null,40
7:20:47 AM,67.06251081,null,40
7:20:48 AM,67.096766,null,40
7:20:49 AM,67.096766,null,40
7:20:50 AM,67.096766,null,40
7:20:51 AM,67.096766,null,40
7:20:52 AM,67.16527745,null,40
7:20:53 AM,67.13102155,null,40
7:20:54 AM,67.16527745,null,40
7:20:55 AM,67.19953371,null,40
7:20:56 AM,67.19953371,null,40
7:20:57 AM,67.23379031,null,40
7:20:58 AM,67.23379031,null,40
7:20:59 AM,67.23379031,null,40
7:21:00 AM,67.23379031,null,40
7:21:01 AM,67.23379031,null,40
7:21:02 AM,67.26804728,null,40
7:21:03 AM,67.30230459,null,40
7:21:04 AM,67.30230459,null,40
7:21:05 AM,67.30230459,null,40
7:21:06 AM,67.37082029,null,40
7:21:07 AM,67.37082029,null,40
7:21:08 AM,67.37082029,null,40
7:21:09 AM,67.37082029,null,40
7:21:10 AM,67.40507867,null,40
7:21:11 AM,67.4393374,null,40
7:21:12 AM,67.40507867,null,40
7:21:13 AM,67.40507867,null,40
7:21:14 AM,67.4393374,null,40
7:21:15 AM,67.47359649,null,40
7:21:16 AM,67.47359649,null,40
7:21:17 AM,67.47359649,null,40
7:21:18 AM,67.50785593,null,40
7:21:19 AM,67.50785593,null,40
7:21:20 AM,67.50785593,null,40
7:21:21 AM,67.50785593,null,40
7:21:22 AM,67.54211572,null,40
7:21:23 AM,67.54211572,null,40
7:21:24 AM,67.57637587,null,40
7:21:25 AM,67.57637587,null,40
7:21:26 AM,67.61063637,null,40
7:21:27 AM,67.61063637,null,40
7:21:28 AM,67.61063637,null,40
7:21:29 AM,67.64489723,null,40
7:21:30 AM,67.64489723,null,40
7:21:31 AM,67.67915844,null,40
7:21:32 AM,67.67915844,null,40
7:21:33 AM,67.67915844,null,40
7:21:34 AM,67.71342,null,40
7:21:35 AM,67.71342,null,40
7:21:36 AM,67.71342,null,40
7:21:37 AM,67.74768192,null,40
7:21:38 AM,67.74768192,null,40
7:21:39 AM,67.74768192,null,40
7:21:40 AM,67.78194419,null,40
7:21:41 AM,67.81620682,null,40
7:21:42 AM,67.81620682,null,40
7:21:43 AM,67.81620682,null,40
7:21:44 AM,67.81620682,null,40
7:21:45 AM,67.8504698,null,40
7:21:46 AM,67.8504698,null,40
7:21:47 AM,67.88473313,null,40
7:21:48 AM,67.88473313,null,40
7:21:49 AM,67.91899682,null,40
7:21:50 AM,67.95326086,null,40
7:21:51 AM,67.95326086,null,40
7:21:52 AM,67.95326086,null,40
7:21:53 AM,67.98752526,null,40
7:21:54 AM,67.95326086,null,40
7:21:55 AM,67.98752526,null,40
7:21:56 AM,67.95326086,null,40
7:21:57 AM,68.02179001,null,40
7:21:58 AM,68.02179001,null,40
7:21:59 AM,68.02179001,null,40
7:22:00 AM,68.02179001,null,40
7:22:01 AM,68.09032057,null,40
7:22:02 AM,68.09032057,null,40
7:22:03 AM,68.09032057,null,40
7:22:04 AM,68.09032057,null,40
7:22:05 AM,68.09032057,null,40
7:22:06 AM,68.12458639,null,40
7:22:07 AM,68.12458639,null,40
7:22:08 AM,68.12458639,null,40
7:22:09 AM,68.15885255,null,40
7:22:10 AM,68.15885255,null,40
7:22:11 AM,68.19311907,null,40
7:22:12 AM,68.19311907,null,40
7:22:13 AM,68.19311907,null,40
7:22:14 AM,68.19311907,null,40
7:22:15 AM,68.22738595,null,40
7:22:16 AM,68.22738595,null,40
7:22:17 AM,68.19311907,null,40
7:22:18 AM,68.22738595,null,40
7:22:19 AM,68.19311907,null,40
7:22:20 AM,68.19311907,null,40
7:22:21 AM,68.22738595,null,40
7:22:22 AM,68.22738595,null,40
7:22:23 AM,68.26165318,null,40
7:22:24 AM,68.26165318,null,40
7:22:25 AM,68.29592076,null,40
7:22:26 AM,68.26165318,null,40
7:22:27 AM,68.26165318,null,40
7:22:28 AM,68.29592076,null,40
7:22:29 AM,68.36445699,null,40
7:22:30 AM,68.3301887,null,40
7:22:31 AM,68.36445699,null,40
7:22:32 AM,68.36445699,null,40
7:22:33 AM,68.39872564,null,40
7:22:34 AM,68.39872564,null,40
7:22:35 AM,68.39872564,null,40
7:22:36 AM,68.43299464,null,40
7:22:37 AM,68.39872564,null,40
7:22:38 AM,68.43299464,null,40
7:22:39 AM,68.43299464,null,40
7:22:40 AM,68.46726399,null,40
7:22:41 AM,68.46726399,null,40
7:22:42 AM,68.5015337,null,40
7:22:43 AM,68.5015337,null,40
7:22:44 AM,68.5015337,null,40
7:22:45 AM,68.53580376,null,40
7:22:46 AM,68.53580376,null,40
7:22:47 AM,68.53580376,null,40
7:22:48 AM,68.53580376,null,40
7:22:49 AM,68.53580376,null,40
7:22:50 AM,68.53580376,null,40
7:22:51 AM,68.57007418,null,40
7:22:52 AM,68.60434495,null,40
7:22:53 AM,68.60434495,null,40
7:22:54 AM,68.63861608,null,40
7:22:55 AM,68.63861608,null,40
7:22:56 AM,68.63861608,null,40
7:22:57 AM,68.63861608,null,40
7:22:58 AM,68.67288756,null,40
7:22:59 AM,68.67288756,null,40
7:23:00 AM,68.67288756,null,40
7:23:01 AM,68.67288756,null,40
7:23:02 AM,68.70715939,null,40
7:23:03 AM,68.70715939,null,40
7:23:04 AM,68.70715939,null,40
7:23:05 AM,68.70715939,null,40
7:23:06 AM,68.74143158,null,40
7:23:07 AM,68.74143158,null,40
7:23:08 AM,68.74143158,null,40
7:23:09 AM,68.77570412,null,40
7:23:10 AM,68.77570412,null,40
7:23:11 AM,68.77570412,null,40
7:23:12 AM,68.77570412,null,40
7:23:13 AM,68.77570412,null,40
7:23:14 AM,68.80997702,null,40
7:23:15 AM,68.80997702,null,40
7:23:16 AM,68.80997702,null,40
7:23:17 AM,68.80997702,null,40
7:23:18 AM,68.80997702,null,40
7:23:19 AM,68.80997702,null,40
7:23:20 AM,68.80997702,null,40
7:23:21 AM,68.84425027,null,40
7:23:22 AM,68.84425027,null,40
7:23:23 AM,68.87852388,null,40
7:23:24 AM,68.84425027,null,40
7:23:25 AM,68.87852388,null,40
7:23:26 AM,68.87852388,null,40
7:23:27 AM,68.87852388,null,40
7:23:28 AM,68.91279784,null,40
7:23:29 AM,68.87852388,null,40
7:23:30 AM,68.94707215,null,40
7:23:31 AM,68.94707215,null,40
7:23:32 AM,68.94707215,null,40
7:23:33 AM,68.94707215,null,40
7:23:34 AM,68.98134682,null,40
7:23:35 AM,68.98134682,null,40
7:23:36 AM,68.98134682,null,40
7:23:37 AM,68.98134682,null,40
7:23:38 AM,69.01562184,null,40
7:23:39 AM,69.01562184,null,40
7:23:40 AM,69.01562184,null,40
7:23:41 AM,69.04989722,null,40
7:23:42 AM,69.04989722,null,40
7:23:43 AM,69.04989722,null,40
7:23:44 AM,69.08417295,null,40
7:23:45 AM,69.08417295,null,40
7:23:46 AM,69.04989722,null,40
7:23:48 AM,69.11844904,null,40
7:23:48 AM,69.11844904,null,40
7:23:49 AM,69.08417295,null,40
7:23:50 AM,69.08417295,null,40
7:23:51 AM,69.08417295,null,40
7:23:52 AM,69.08417295,null,40
7:23:53 AM,69.08417295,null,40
7:23:54 AM,69.08417295,null,40
7:23:55 AM,69.08417295,null,40
7:23:56 AM,69.08417295,null,40
7:23:57 AM,69.11844904,null,40
7:23:58 AM,69.11844904,null,40
7:23:59 AM,69.11844904,null,40
7:24:00 AM,69.08417295,null,40
7:24:01 AM,69.11844904,null,40
7:24:02 AM,69.11844904,null,40
7:24:03 AM,69.08417295,null,40
7:24:04 AM,69.11844904,null,40
7:24:05 AM,69.11844904,null,40
7:24:06 AM,69.11844904,null,40
7:24:07 AM,69.11844904,null,40
7:24:08 AM,69.15272548,null,40
7:24:09 AM,69.15272548,null,40
7:24:10 AM,69.18700228,null,40
7:24:11 AM,69.18700228,null,40
7:24:12 AM,69.18700228,null,40
7:24:13 AM,69.22127943,null,40
7:24:14 AM,69.22127943,null,40
7:24:15 AM,69.25555693,null,40
7:24:16 AM,69.28983479,null,40
7:24:17 AM,69.28983479,null,40
7:24:18 AM,69.324113,null,40
7:24:19 AM,69.324113,null,40
7:24:20 AM,69.324113,null,40
7:24:21 AM,69.324113,null,40
7:24:22 AM,69.35839157,null,40
7:24:23 AM,69.39267049,null,40
7:24:24 AM,69.39267049,null,40
7:24:25 AM,69.39267049,null,40
7:24:26 AM,69.42694977,null,40
7:24:27 AM,69.42694977,null,40
7:24:28 AM,69.42694977,null,40
7:24:29 AM,69.4612294,null,40
7:24:30 AM,69.4612294,null,40
7:24:31 AM,69.4612294,null,40
7:24:32 AM,69.49550939,null,40
7:24:33 AM,69.4612294,null,40
7:24:34 AM,69.4612294,null,40
7:24:35 AM,69.4612294,null,40
7:24:36 AM,69.49550939,null,40
7:24:37 AM,69.49550939,null,40
7:24:38 AM,69.49550939,null,40
7:24:39 AM,69.52978973,null,40
7:24:40 AM,69.52978973,null,40
7:24:41 AM,69.52978973,null,40
7:24:42 AM,69.52978973,null,40
7:24:43 AM,69.52978973,null,40
7:24:44 AM,69.52978973,null,40
7:24:45 AM,69.52978973,null,40
7:24:46 AM,69.59835147,null,40
7:24:47 AM,69.59835147,null,40
7:24:48 AM,69.59835147,null,40
7:24:50 AM,69.59835147,null,40
7:24:50 AM,69.59835147,null,40
7:24:51 AM,69.59835147,null,40
7:24:52 AM,69.63263288,null,40
7:24:53 AM,69.63263288,null,40
7:24:54 AM,69.66691464,null,40
7:24:55 AM,69.63263288,null,40
7:24:56 AM,69.63263288,null,40
7:24:57 AM,69.66691464,null,40
7:24:58 AM,69.66691464,null,40
7:24:59 AM,69.70119675,null,40
7:25:00 AM,69.70119675,null,40
7:25:01 AM,69.66691464,null,40
7:25:02 AM,69.73547922,null,40
7:25:03 AM,69.73547922,null,40
7:25:04 AM,69.73547922,null,40
7:25:05 AM,69.73547922,null,40
7:25:06 AM,69.73547922,null,40
7:25:07 AM,69.76976204,null,40
7:25:08 AM,69.76976204,null,40
7:25:09 AM,69.76976204,null,40
7:25:10 AM,69.76976204,null,40
7:25:11 AM,69.76976204,null,40
7:25:12 AM,69.76976204,null,40
7:25:13 AM,69.80404522,null,40
7:25:14 AM,69.83832875,null,40
7:25:15 AM,69.80404522,null,40
7:25:16 AM,69.83832875,null,40
7:25:17 AM,69.87261264,null,40
7:25:18 AM,69.87261264,null,40
7:25:19 AM,69.87261264,null,40
7:25:20 AM,69.83832875,null,40
7:25:21 AM,69.90689688,null,40
7:25:22 AM,69.87261264,null,40
7:25:23 AM,69.94118148,null,40
7:25:24 AM,69.94118148,null,40
7:25:25 AM,69.94118148,null,40
7:25:26 AM,69.94118148,null,40
7:25:27 AM,69.90689688,null,40
7:25:28 AM,69.94118148,null,40
7:25:29 AM,69.97546643,null,40
7:25:30 AM,69.97546643,null,40
7:25:31 AM,69.97546643,null,40
7:25:32 AM,69.97546643,null,40
7:25:33 AM,69.97546643,null,40
7:25:34 AM,69.97546643,null,40
7:25:35 AM,69.97546643,null,40
7:25:36 AM,69.97546643,null,40
7:25:37 AM,69.97546643,null,40
7:25:38 AM,70.00975173,null,40
7:25:39 AM,70.04403739,null,40
7:25:40 AM,70.04403739,null,40
7:25:41 AM,70.04403739,null,40
7:25:42 AM,70.04403739,null,40
7:25:43 AM,70.04403739,null,40
7:25:44 AM,70.04403739,null,40
7:25:45 AM,70.07832341,null,40
7:25:46 AM,70.11260978,null,40
7:25:47 AM,70.07832341,null,40
7:25:48 AM,70.11260978,null,40
7:25:49 AM,70.11260978,null,40
7:25:50 AM,70.11260978,null,40
7:25:51 AM,70.11260978,null,40
7:25:52 AM,70.11260978,null,40
7:25:53 AM,70.1468965,null,40
7:25:54 AM,70.1468965,null,40
7:25:55 AM,70.1468965,null,40
7:25:56 AM,70.1468965,null,40
7:25:57 AM,70.1468965,null,40
7:25:58 AM,70.1468965,null,40
7:25:59 AM,70.1468965,null,40
7:26:00 AM,70.1468965,null,40
7:26:02 AM,70.1468965,null,40
7:26:03 AM,70.18118358,null,40
7:26:04 AM,70.18118358,null,40
7:26:05 AM,70.18118358,null,40
7:26:05 AM,70.18118358,null,40
7:26:06 AM,70.18118358,null,40
7:26:07 AM,70.18118358,null,40
7:26:08 AM,70.18118358,null,40
7:26:09 AM,70.21547102,null,40
7:26:10 AM,70.21547102,null,40
7:26:12 AM,70.21547102,null,40
7:26:13 AM,70.21547102,null,40
7:26:13 AM,70.21547102,null,40
7:26:14 AM,70.24975881,null,40
7:26:15 AM,70.24975881,null,40
7:26:16 AM,70.24975881,null,40
7:26:18 AM,70.28404695,null,40
7:26:18 AM,70.28404695,null,40
7:26:19 AM,70.28404695,null,40
7:26:20 AM,70.24975881,null,40
7:26:21 AM,70.28404695,null,40
7:26:22 AM,70.28404695,null,40
7:26:23 AM,70.31833545,null,40
7:26:24 AM,70.31833545,null,40
7:26:25 AM,70.31833545,null,40
7:26:26 AM,70.28404695,null,40
7:26:27 AM,70.3526243,null,40
7:26:28 AM,70.3526243,null,40
7:26:29 AM,70.3526243,null,40
7:26:30 AM,70.3526243,null,40
7:26:31 AM,70.38691351,null,40
7:26:32 AM,70.38691351,null,40
7:26:33 AM,70.38691351,null,40
7:26:34 AM,70.38691351,null,40
7:26:35 AM,70.38691351,null,40
7:26:36 AM,70.38691351,null,40
7:26:37 AM,70.3526243,null,40
7:26:38 AM,70.38691351,null,40
7:26:39 AM,70.38691351,null,40
7:26:40 AM,70.38691351,null,40
7:26:41 AM,70.42120307,null,40
7:26:42 AM,70.42120307,null,40
7:26:43 AM,70.45549299,null,40
7:26:44 AM,70.42120307,null,40
7:26:45 AM,70.42120307,null,40
7:26:46 AM,70.42120307,null,40
7:26:47 AM,70.42120307,null,40
7:26:48 AM,70.42120307,null,40
7:26:49 AM,70.42120307,null,40
7:26:50 AM,70.45549299,null,40
7:26:51 AM,70.45549299,null,40
7:26:52 AM,70.45549299,null,40
7:26:53 AM,70.45549299,null,40
7:26:54 AM,70.48978326,null,40
7:26:55 AM,70.48978326,null,40
7:26:56 AM,70.48978326,null,40
7:26:57 AM,70.48978326,null,40
7:26:58 AM,70.52407389,null,40
7:26:59 AM,70.52407389,null,40
7:27:00 AM,70.52407389,null,40
7:27:01 AM,70.52407389,null,40
7:27:02 AM,70.52407389,null,40
7:27:03 AM,70.55836488,null,40
7:27:04 AM,70.55836488,null,40
7:27:05 AM,70.55836488,null,40
7:27:06 AM,70.59265621,null,40
7:27:08 AM,70.55836488,null,40
7:27:08 AM,70.55836488,null,40
7:27:09 AM,70.59265621,null,40
7:27:10 AM,70.59265621,null,40
7:27:13 AM,70.59265621,null,40
7:27:13 AM,70.62694791,null,40
7:27:14 AM,70.62694791,null,40
7:27:14 AM,70.62694791,null,40
7:27:15 AM,70.59265621,null,40
7:27:16 AM,70.62694791,null,40
7:27:18 AM,70.62694791,null,40
7:27:18 AM,70.62694791,null,40
7:27:19 AM,70.62694791,null,40
7:27:20 AM,70.62694791,null,40
7:27:21 AM,70.62694791,null,40
7:27:22 AM,70.62694791,null,40
7:27:23 AM,70.66123995,null,40
7:27:24 AM,70.66123995,null,40
7:27:25 AM,70.66123995,null,40
7:27:26 AM,70.62694791,null,40
7:27:28 AM,70.66123995,null,40
7:27:28 AM,70.66123995,null,40
7:27:29 AM,70.66123995,null,40
7:27:30 AM,70.66123995,null,40
7:27:31 AM,70.62694791,null,40
7:27:32 AM,70.62694791,null,40
7:27:33 AM,70.62694791,null,40
7:27:34 AM,70.66123995,null,40
7:27:35 AM,70.69553235,null,40
7:27:36 AM,70.66123995,null,40
7:27:37 AM,70.66123995,null,40
7:27:38 AM,70.69553235,null,40
7:27:39 AM,70.69553235,null,40
7:27:40 AM,70.69553235,null,40
7:27:41 AM,70.72982511,null,40
7:27:43 AM,70.69553235,null,40
7:27:43 AM,70.69553235,null,40
7:27:44 AM,70.72982511,null,40
7:27:45 AM,70.76411822,null,40
7:27:46 AM,70.72982511,null,40
7:27:47 AM,70.72982511,null,40
7:27:48 AM,70.72982511,null,40
7:27:49 AM,70.76411822,null,40
7:27:50 AM,70.76411822,null,40
7:27:51 AM,70.76411822,null,40
7:27:52 AM,70.76411822,null,40
7:27:53 AM,70.76411822,null,40
7:27:54 AM,70.76411822,null,40
7:27:55 AM,70.79841169,null,40
7:27:56 AM,70.79841169,null,40
7:27:57 AM,70.79841169,null,40
7:27:58 AM,70.79841169,null,40
7:27:59 AM,70.79841169,null,40
7:28:00 AM,70.79841169,null,40
7:28:01 AM,70.79841169,null,40
7:28:02 AM,70.79841169,null,40
7:28:03 AM,70.79841169,null,40
7:28:04 AM,70.83270551,null,40
7:28:05 AM,70.86699969,null,40
7:28:06 AM,70.83270551,null,40
7:28:07 AM,70.83270551,null,40
7:28:08 AM,70.86699969,null,40
7:28:09 AM,70.86699969,null,40
7:28:10 AM,70.90129422,null,40
7:28:11 AM,70.90129422,null,40
7:28:12 AM,70.90129422,null,40
7:28:13 AM,70.90129422,null,40
7:28:14 AM,70.90129422,null,40
7:28:15 AM,70.90129422,null,40
7:28:16 AM,70.90129422,null,40
7:28:17 AM,70.90129422,null,40
7:28:18 AM,70.90129422,null,40
7:28:19 AM,70.86699969,null,40
7:28:20 AM,70.86699969,null,40
7:28:21 AM,70.90129422,null,40
7:28:22 AM,70.90129422,null,40
7:28:23 AM,70.90129422,null,40
7:28:24 AM,70.90129422,null,40
7:28:25 AM,70.93558911,null,40
7:28:26 AM,70.93558911,null,40
7:28:27 AM,70.93558911,null,40
7:28:28 AM,70.93558911,null,40
7:28:29 AM,70.96988435,null,40
7:28:30 AM,70.93558911,null,40
7:28:31 AM,70.93558911,null,40
7:28:32 AM,70.96988435,null,40
7:28:33 AM,70.96988435,null,40
7:28:34 AM,70.96988435,null,40
7:28:35 AM,70.96988435,null,40
7:28:37 AM,70.93558911,null,40
7:28:38 AM,70.96988435,null,40
7:28:39 AM,70.96988435,null,40
7:28:39 AM,71.00417995,null,40
7:28:40 AM,71.00417995,null,40
7:28:41 AM,70.96988435,null,40
7:28:42 AM,71.00417995,null,40
7:28:43 AM,71.00417995,null,40
7:28:44 AM,71.00417995,null,40
7:28:45 AM,71.00417995,null,40
7:28:46 AM,71.00417995,null,40
7:28:47 AM,71.00417995,null,40
7:28:48 AM,71.0384759,null,40
7:28:49 AM,71.0384759,null,40
7:28:50 AM,71.0384759,null,40
7:28:51 AM,71.0384759,null,40
7:28:52 AM,71.00417995,null,40
7:28:53 AM,71.0384759,null,40
7:28:54 AM,71.0384759,null,40
7:28:55 AM,71.0384759,null,40
7:28:56 AM,71.0384759,null,40
7:28:57 AM,71.0384759,null,40
7:28:58 AM,71.07277221,null,40
7:28:59 AM,71.07277221,null,40
7:29:00 AM,71.07277221,null,40
7:29:01 AM,71.07277221,null,40
7:29:02 AM,71.07277221,null,40
7:29:04 AM,71.07277221,null,40
7:29:04 AM,71.10706887,null,40
7:29:05 AM,71.07277221,null,40
7:29:06 AM,71.07277221,null,40
7:29:07 AM,71.07277221,null,40
7:29:08 AM,71.07277221,null,40
7:29:09 AM,71.07277221,null,40
7:29:10 AM,71.07277221,null,40
7:29:11 AM,71.07277221,null,40
7:29:12 AM,71.10706887,null,40
7:29:13 AM,71.10706887,null,40
7:29:14 AM,71.10706887,null,40
7:29:15 AM,71.07277221,null,40
7:29:16 AM,71.10706887,null,40
7:29:17 AM,71.10706887,null,40
7:29:18 AM,71.10706887,null,40
7:29:19 AM,71.10706887,null,40
7:29:20 AM,71.14136589,null,40
7:29:21 AM,71.10706887,null,40
7:29:22 AM,71.10706887,null,40
7:29:23 AM,71.10706887,null,40
7:29:24 AM,71.10706887,null,40
7:29:25 AM,71.10706887,null,40
7:29:26 AM,71.14136589,null,40
7:29:27 AM,71.14136589,null,40
7:29:28 AM,71.14136589,null,40
7:29:29 AM,71.14136589,null,40
7:29:30 AM,71.14136589,null,40
7:29:31 AM,71.14136589,null,40
7:29:32 AM,71.14136589,null,40
7:29:33 AM,71.14136589,null,40
7:29:34 AM,71.14136589,null,40
7:29:35 AM,71.14136589,null,40
7:29:36 AM,71.10706887,null,40
7:29:37 AM,71.14136589,null,40
7:29:38 AM,71.14136589,null,40
7:29:39 AM,71.14136589,null,40
7:29:40 AM,71.14136589,null,40
7:29:41 AM,71.17566326,null,40
7:29:42 AM,71.17566326,null,40
7:29:43 AM,71.17566326,null,40
7:29:44 AM,71.17566326,null,40
7:29:45 AM,71.17566326,null,40
7:29:46 AM,71.17566326,null,40
7:29:47 AM,71.20996099,null,40
7:29:48 AM,71.20996099,null,40
7:29:49 AM,71.20996099,null,40
7:29:50 AM,71.20996099,null,40
7:29:51 AM,71.17566326,null,40
7:29:52 AM,71.20996099,null,40
7:29:53 AM,71.17566326,null,40
7:29:54 AM,71.17566326,null,40
7:29:55 AM,71.20996099,null,40
7:29:56 AM,71.17566326,null,40
7:29:57 AM,71.20996099,null,40
7:29:58 AM,71.17566326,null,40
7:29:59 AM,71.17566326,null,40
7:30:00 AM,71.20996099,null,40
7:30:01 AM,71.20996099,null,40
7:30:02 AM,71.17566326,null,40
7:30:03 AM,71.20996099,null,40
7:30:04 AM,71.20996099,null,40
7:30:05 AM,71.17566326,null,40
7:30:06 AM,71.20996099,null,40
7:30:07 AM,71.17566326,null,40
7:30:08 AM,71.20996099,null,40
7:30:09 AM,71.20996099,null,40
7:30:10 AM,71.17566326,null,40
7:30:11 AM,71.17566326,null,40
7:30:12 AM,71.20996099,null,40
7:30:13 AM,71.17566326,null,40
7:30:14 AM,71.20996099,null,40
7:30:15 AM,71.20996099,null,40
7:30:16 AM,71.20996099,null,40
7:30:17 AM,71.24425907,null,40
7:30:18 AM,71.20996099,null,40
7:30:19 AM,71.20996099,null,40
7:30:20 AM,71.20996099,null,40
7:30:21 AM,71.20996099,null,40
7:30:22 AM,71.20996099,null,40
7:30:23 AM,71.20996099,null,40
7:30:24 AM,71.24425907,null,40
7:30:25 AM,71.20996099,null,40
7:30:26 AM,71.24425907,null,40
7:30:27 AM,71.24425907,null,40
7:30:28 AM,71.24425907,null,40
7:30:29 AM,71.24425907,null,40
7:30:30 AM,71.24425907,null,40
7:30:31 AM,71.24425907,null,40
7:30:32 AM,71.27855751,null,40
7:30:33 AM,71.27855751,null,40
7:30:34 AM,71.27855751,null,40
7:30:35 AM,71.27855751,null,40
7:30:36 AM,71.27855751,null,40
7:30:37 AM,71.3128563,null,40
7:30:38 AM,71.3128563,null,40
7:30:39 AM,71.27855751,null,40
7:30:40 AM,71.27855751,null,40
7:30:41 AM,71.27855751,null,40
7:30:42 AM,71.3128563,null,40
7:30:43 AM,71.34715545,null,40
7:30:44 AM,71.38145496,null,40
7:30:45 AM,71.38145496,null,40
7:30:46 AM,71.41575481,null,40
7:30:47 AM,71.4843556,null,40
7:30:48 AM,71.5529578,null,40
7:30:50 AM,71.5529578,null,40
7:30:50 AM,71.62156142,null,40
7:30:51 AM,71.62156142,null,40
7:30:52 AM,71.65586377,null,40
7:30:53 AM,71.65586377,null,45
7:30:54 AM,71.65586377,null,45
7:30:55 AM,71.69016647,null,45
7:30:56 AM,71.72446952,null,45
7:30:57 AM,71.75877294,null,45
7:30:58 AM,71.75877294,null,45
7:30:59 AM,71.7930767,null,45
7:31:00 AM,71.75877294,null,45
7:31:01 AM,71.75877294,null,45
7:31:02 AM,71.7930767,null,45
7:31:03 AM,71.7930767,null,45
7:31:04 AM,71.7930767,null,45
7:31:05 AM,71.82738082,null,45
7:31:06 AM,71.82738082,null,45
7:31:07 AM,71.82738082,null,45
7:31:08 AM,71.82738082,null,45
7:31:09 AM,71.8616853,null,45
7:31:10 AM,71.8616853,null,45
7:31:11 AM,71.89599013,null,45
7:31:12 AM,71.89599013,null,45
7:31:13 AM,71.89599013,null,45
7:31:14 AM,71.93029532,null,45
7:31:15 AM,71.93029532,null,45
7:31:16 AM,71.93029532,null,45
7:31:17 AM,71.96460086,null,45
7:31:18 AM,71.96460086,null,45
7:31:19 AM,71.96460086,null,45
7:31:20 AM,71.99890676,null,45
7:31:21 AM,71.99890676,null,45
7:31:22 AM,71.99890676,null,45
7:31:23 AM,71.99890676,null,45
7:31:24 AM,72.06751962,null,45
7:31:25 AM,72.06751962,null,45
7:31:26 AM,72.06751962,null,45
7:31:27 AM,72.10182659,null,45
7:31:28 AM,72.10182659,null,45
7:31:29 AM,72.10182659,null,45
7:31:30 AM,72.10182659,null,45
7:31:31 AM,72.10182659,null,45
7:31:32 AM,72.13613391,null,45
7:31:33 AM,72.17044158,null,45
7:31:34 AM,72.17044158,null,45
7:31:35 AM,72.17044158,null,45
7:31:36 AM,72.17044158,null,45
7:31:37 AM,72.17044158,null,45
7:31:38 AM,72.17044158,null,45
7:31:39 AM,72.17044158,null,45
7:31:40 AM,72.20474961,null,45
7:31:41 AM,72.20474961,null,45
7:31:42 AM,72.239058,null,45
7:31:43 AM,72.239058,null,45
7:31:44 AM,72.239058,null,45
7:31:45 AM,72.27336674,null,45
7:31:46 AM,72.27336674,null,45
7:31:47 AM,72.27336674,null,45
7:31:48 AM,72.27336674,null,45
7:31:49 AM,72.34198529,null,45
7:31:50 AM,72.34198529,null,45
7:31:51 AM,72.34198529,null,45
7:31:52 AM,72.34198529,null,45
7:31:53 AM,72.34198529,null,45
7:31:54 AM,72.3762951,null,45
7:31:55 AM,72.41060526,null,45
7:31:56 AM,72.41060526,null,45
7:31:57 AM,72.44491578,null,45
7:31:58 AM,72.47922665,null,45
7:31:59 AM,72.47922665,null,45
7:32:00 AM,72.51353788,null,45
7:32:01 AM,72.51353788,null,45
7:32:02 AM,72.51353788,null,45
7:32:03 AM,72.54784947,null,45
7:32:04 AM,72.54784947,null,45
7:32:05 AM,72.58216141,null,45
7:32:06 AM,72.58216141,null,45
7:32:07 AM,72.6164737,null,45
7:32:08 AM,72.6164737,null,45
7:32:09 AM,72.65078636,null,45
7:32:10 AM,72.65078636,null,45
7:32:11 AM,72.65078636,null,45
7:32:12 AM,72.68509936,null,45
7:32:13 AM,72.68509936,null,45
7:32:14 AM,72.71941273,null,45
7:32:15 AM,72.71941273,null,45
7:32:16 AM,72.71941273,null,45
7:32:17 AM,72.75372644,null,45
7:32:18 AM,72.75372644,null,45
7:32:19 AM,72.78804052,null,45
7:32:20 AM,72.78804052,null,45
7:32:21 AM,72.78804052,null,45
7:32:22 AM,72.82235495,null,45
7:32:23 AM,72.82235495,null,45
7:32:24 AM,72.82235495,null,45
7:32:25 AM,72.85666973,null,45
7:32:26 AM,72.89098488,null,45
7:32:27 AM,72.92530037,null,45
7:32:28 AM,72.95961623,null,45
7:32:29 AM,72.95961623,null,45
7:32:30 AM,72.95961623,null,45
7:32:31 AM,72.95961623,null,45
7:32:32 AM,72.99393243,null,45
7:32:33 AM,72.99393243,null,45
7:32:34 AM,73.028249,null,45
7:32:35 AM,73.028249,null,45
7:32:36 AM,73.06256592,null,45
7:32:37 AM,73.09688319,null,45
7:32:38 AM,73.09688319,null,45
7:32:39 AM,73.09688319,null,45
7:32:40 AM,73.09688319,null,45
7:32:42 AM,73.13120082,null,45
7:32:43 AM,73.13120082,null,45
7:32:44 AM,73.19983715,null,45
7:32:45 AM,73.19983715,null,45
7:32:45 AM,73.19983715,null,45
7:32:46 AM,73.19983715,null,45
7:32:47 AM,73.19983715,null,45
7:32:48 AM,73.23415585,null,45
7:32:49 AM,73.2684749,null,45
7:32:50 AM,73.23415585,null,45
7:32:51 AM,73.30279431,null,45
7:32:52 AM,73.30279431,null,45
7:32:53 AM,73.30279431,null,45
7:32:54 AM,73.30279431,null,45
7:32:55 AM,73.33711408,null,45
7:32:56 AM,73.33711408,null,45
7:32:57 AM,73.33711408,null,45
7:32:58 AM,73.33711408,null,45
7:32:59 AM,73.3714342,null,45
7:33:00 AM,73.3714342,null,45
7:33:01 AM,73.3714342,null,45
7:33:02 AM,73.40575468,null,45
7:33:03 AM,73.44007551,null,45
7:33:04 AM,73.44007551,null,45
7:33:05 AM,73.44007551,null,45
7:33:06 AM,73.4743967,null,45
7:33:07 AM,73.4743967,null,45
7:33:08 AM,73.50871824,null,45
7:33:09 AM,73.50871824,null,45
7:33:10 AM,73.54304015,null,45
7:33:11 AM,73.5773624,null,45
7:33:12 AM,73.54304015,null,45
7:33:13 AM,73.5773624,null,45
7:33:14 AM,73.61168501,null,45
7:33:15 AM,73.61168501,null,45
7:33:16 AM,73.61168501,null,45
7:33:17 AM,73.61168501,null,45
7:33:18 AM,73.64600798,null,45
7:33:19 AM,73.68033131,null,45
7:33:20 AM,73.64600798,null,45
7:33:21 AM,73.71465499,null,45
7:33:22 AM,73.71465499,null,45
7:33:23 AM,73.68033131,null,45
7:33:24 AM,73.71465499,null,45
7:33:25 AM,73.71465499,null,45
7:33:26 AM,73.71465499,null,45
7:33:27 AM,73.74897902,null,45
7:33:28 AM,73.78330341,null,45
7:33:29 AM,73.78330341,null,45
7:33:30 AM,73.78330341,null,45
7:33:31 AM,73.78330341,null,45
7:33:32 AM,73.81762816,null,45
7:33:33 AM,73.81762816,null,45
7:33:34 AM,73.81762816,null,45
7:33:35 AM,73.85195327,null,45
7:33:36 AM,73.85195327,null,45
7:33:37 AM,73.85195327,null,45
7:33:38 AM,73.85195327,null,45
7:33:39 AM,73.85195327,null,45
7:33:40 AM,73.88627872,null,45
7:33:41 AM,73.88627872,null,45
7:33:42 AM,73.92060454,null,45
7:33:43 AM,73.95493071,null,45
7:33:44 AM,73.95493071,null,45
7:33:45 AM,73.95493071,null,45
7:33:46 AM,73.98925724,null,45
7:33:47 AM,73.98925724,null,45
7:33:48 AM,73.98925724,null,45
7:33:50 AM,74.02358412,null,45
7:33:50 AM,74.02358412,null,45
7:33:51 AM,74.05791136,null,45
7:33:52 AM,74.05791136,null,45
7:33:53 AM,74.05791136,null,45
7:33:54 AM,74.02358412,null,45
7:33:55 AM,74.05791136,null,45
7:33:56 AM,74.09223896,null,45
7:33:57 AM,74.09223896,null,45
7:33:58 AM,74.09223896,null,45
7:33:59 AM,74.09223896,null,45
7:34:00 AM,74.12656691,null,45
7:34:01 AM,74.12656691,null,45
7:34:02 AM,74.12656691,null,45
7:34:03 AM,74.19522388,null,45
7:34:04 AM,74.19522388,null,45
7:34:05 AM,74.2295529,null,45
7:34:06 AM,74.2295529,null,45
7:34:07 AM,74.2295529,null,45
7:34:08 AM,74.2295529,null,45
7:34:09 AM,74.26388228,null,45
7:34:10 AM,74.26388228,null,45
7:34:11 AM,74.26388228,null,45
7:34:12 AM,74.29821201,null,45
7:34:13 AM,74.29821201,null,45
7:34:14 AM,74.3325421,null,45
7:34:15 AM,74.3325421,null,45
7:34:16 AM,74.3325421,null,45
7:34:17 AM,74.36687254,null,45
7:34:18 AM,74.36687254,null,45
7:34:19 AM,74.36687254,null,45
7:34:20 AM,74.36687254,null,45
7:34:21 AM,74.40120334,null,45
7:34:22 AM,74.40120334,null,45
7:34:23 AM,74.40120334,null,45
7:34:24 AM,74.40120334,null,45
7:34:25 AM,74.4355345,null,45
7:34:26 AM,74.4355345,null,45
7:34:27 AM,74.4355345,null,45
7:34:28 AM,74.46986601,null,45
7:34:29 AM,74.46986601,null,45
7:34:30 AM,74.46986601,null,45
7:34:31 AM,74.46986601,null,45
7:34:32 AM,74.46986601,null,45
7:34:33 AM,74.50419788,null,45
7:34:34 AM,74.50419788,null,45
7:34:35 AM,74.53853011,null,45
7:34:36 AM,74.53853011,null,45
7:34:37 AM,74.50419788,null,45
7:34:38 AM,74.53853011,null,45
7:34:39 AM,74.53853011,null,45
7:34:40 AM,74.57286269,null,45
7:34:41 AM,74.53853011,null,45
7:34:42 AM,74.57286269,null,45
7:34:43 AM,74.57286269,null,45
7:34:44 AM,74.60719562,null,45
7:34:45 AM,74.60719562,null,45
7:34:46 AM,74.57286269,null,45
7:34:47 AM,74.60719562,null,45
7:34:48 AM,74.60719562,null,45
7:34:49 AM,74.64152892,null,45
7:34:50 AM,74.64152892,null,45
7:34:51 AM,74.64152892,null,45
7:34:52 AM,74.67586257,null,45
7:34:53 AM,74.64152892,null,45
7:34:54 AM,74.67586257,null,45
7:34:55 AM,74.71019657,null,45
7:34:56 AM,74.71019657,null,45
7:34:57 AM,74.74453094,null,45
7:34:58 AM,74.74453094,null,45
7:34:59 AM,74.74453094,null,45
7:35:00 AM,74.74453094,null,45
7:35:01 AM,74.77886566,null,45
7:35:02 AM,74.74453094,null,45
7:35:03 AM,74.77886566,null,45
7:35:04 AM,74.77886566,null,45
7:35:05 AM,74.77886566,null,45
7:35:06 AM,74.77886566,null,45
7:35:07 AM,74.84753616,null,45
7:35:08 AM,74.81320073,null,45
7:35:09 AM,74.81320073,null,45
7:35:10 AM,74.81320073,null,45
7:35:11 AM,74.84753616,null,45
7:35:12 AM,74.84753616,null,45
7:35:13 AM,74.81320073,null,45
7:35:14 AM,74.81320073,null,45
7:35:15 AM,74.84753616,null,45
7:35:16 AM,74.84753616,null,45
7:35:17 AM,74.88187195,null,45
7:35:18 AM,74.88187195,null,45
7:35:19 AM,74.91620809,null,45
7:35:20 AM,74.91620809,null,45
7:35:21 AM,74.91620809,null,45
7:35:22 AM,74.88187195,null,45
7:35:23 AM,74.95054459,null,45
7:35:24 AM,74.95054459,null,45
7:35:25 AM,74.95054459,null,45
7:35:26 AM,74.95054459,null,45
7:35:27 AM,74.95054459,null,45
7:35:28 AM,74.98488145,null,45
7:35:29 AM,74.95054459,null,45
7:35:30 AM,74.95054459,null,45
7:35:31 AM,74.95054459,null,45
7:35:32 AM,74.95054459,null,45
7:35:33 AM,74.95054459,null,45
7:35:34 AM,74.98488145,null,45
7:35:35 AM,74.98488145,null,45
7:35:36 AM,74.98488145,null,45
7:35:37 AM,74.98488145,null,45
7:35:38 AM,75.01921866,null,45
7:35:39 AM,75.01921866,null,45
7:35:40 AM,75.01921866,null,45
7:35:41 AM,75.05355623,null,45
7:35:42 AM,75.08789416,null,45
7:35:43 AM,75.08789416,null,45
7:35:44 AM,75.08789416,null,45
7:35:45 AM,75.08789416,null,45
7:35:46 AM,75.12223244,null,45
7:35:47 AM,75.12223244,null,45
7:35:48 AM,75.08789416,null,45
7:35:49 AM,75.12223244,null,45
7:35:50 AM,75.12223244,null,45
7:35:51 AM,75.12223244,null,45
7:35:52 AM,75.12223244,null,45
7:35:53 AM,75.15657108,null,45
7:35:54 AM,75.15657108,null,45
7:35:55 AM,75.19091007,null,45
7:35:56 AM,75.19091007,null,45
7:35:57 AM,75.19091007,null,45
7:35:58 AM,75.22524942,null,45
7:35:59 AM,75.19091007,null,45
7:36:00 AM,75.19091007,null,45
7:36:01 AM,75.22524942,null,45
7:36:02 AM,75.22524942,null,45
7:36:03 AM,75.22524942,null,45
7:36:04 AM,75.25958913,null,45
7:36:05 AM,75.22524942,null,45
7:36:06 AM,75.22524942,null,45
7:36:07 AM,75.22524942,null,45
7:36:08 AM,75.25958913,null,45
7:36:09 AM,75.29392919,null,45
7:36:10 AM,75.25958913,null,45
7:36:11 AM,75.29392919,null,45
7:36:12 AM,75.29392919,null,45
7:36:13 AM,75.29392919,null,45
7:36:14 AM,75.32826961,null,45
7:36:15 AM,75.32826961,null,45
7:36:16 AM,75.29392919,null,45
7:36:17 AM,75.29392919,null,45
7:36:18 AM,75.29392919,null,45
7:36:19 AM,75.32826961,null,45
7:36:20 AM,75.32826961,null,45
7:36:21 AM,75.32826961,null,45
7:36:22 AM,75.36261039,null,45
7:36:23 AM,75.36261039,null,45
7:36:24 AM,75.36261039,null,45
7:36:25 AM,75.39695152,null,45
7:36:26 AM,75.39695152,null,45
7:36:27 AM,75.39695152,null,45
7:36:28 AM,75.39695152,null,45
7:36:29 AM,75.39695152,null,45
7:36:30 AM,75.39695152,null,45
7:36:31 AM,75.39695152,null,45
7:36:32 AM,75.43129301,null,45
7:36:33 AM,75.43129301,null,45
7:36:34 AM,75.43129301,null,45
7:36:35 AM,75.46563486,null,45
7:36:36 AM,75.43129301,null,45
7:36:37 AM,75.46563486,null,45
7:36:38 AM,75.46563486,null,45
7:36:39 AM,75.46563486,null,45
7:36:40 AM,75.46563486,null,45
7:36:41 AM,75.49997706,null,45
7:36:42 AM,75.49997706,null,45
7:36:43 AM,75.49997706,null,45
7:36:44 AM,75.53431962,null,45
7:36:45 AM,75.53431962,null,45
7:36:46 AM,75.53431962,null,45
7:36:47 AM,75.53431962,null,45
7:36:48 AM,75.56866253,null,45
7:36:49 AM,75.53431962,null,45
7:36:50 AM,75.53431962,null,45
7:36:51 AM,75.53431962,null,45
7:36:52 AM,75.53431962,null,45
7:36:53 AM,75.53431962,null,45
7:36:54 AM,75.53431962,null,45
7:36:55 AM,75.56866253,null,45
7:36:56 AM,75.56866253,null,45
7:36:57 AM,75.56866253,null,45
7:36:58 AM,75.56866253,null,45
7:36:59 AM,75.60300581,null,45
7:37:00 AM,75.60300581,null,45
7:37:01 AM,75.56866253,null,45
7:37:02 AM,75.60300581,null,45
7:37:03 AM,75.63734943,null,45
7:37:04 AM,75.63734943,null,45
7:37:05 AM,75.63734943,null,45
7:37:06 AM,75.67169342,null,45
7:37:07 AM,75.67169342,null,45
7:37:08 AM,75.67169342,null,45
7:37:09 AM,75.70603776,null,45
7:37:10 AM,75.67169342,null,45
7:37:11 AM,75.70603776,null,45
7:37:12 AM,75.70603776,null,45
7:37:13 AM,75.70603776,null,45
7:37:14 AM,75.70603776,null,45
7:37:15 AM,75.70603776,null,45
7:37:16 AM,75.70603776,null,45
7:37:17 AM,75.70603776,null,45
7:37:18 AM,75.70603776,null,45
7:37:19 AM,75.74038246,null,45
7:37:20 AM,75.70603776,null,45
7:37:21 AM,75.74038246,null,45
7:37:22 AM,75.77472751,null,45
7:37:23 AM,75.77472751,null,45
7:37:24 AM,75.74038246,null,45
7:37:25 AM,75.77472751,null,45
7:37:26 AM,75.77472751,null,45
7:37:27 AM,75.77472751,null,45
7:37:28 AM,75.77472751,null,45
7:37:29 AM,75.74038246,null,45
7:37:30 AM,75.77472751,null,45
7:37:31 AM,75.77472751,null,45
7:37:32 AM,75.77472751,null,45
7:37:33 AM,75.77472751,null,45
7:37:34 AM,75.80907293,null,45
7:37:35 AM,75.74038246,null,45
7:37:36 AM,75.77472751,null,45
7:37:37 AM,75.77472751,null,45
7:37:38 AM,75.77472751,null,45
7:37:39 AM,75.77472751,null,45
7:37:40 AM,75.77472751,null,45
7:37:41 AM,75.80907293,null,45
7:37:42 AM,75.80907293,null,45
7:37:43 AM,75.80907293,null,45
7:37:44 AM,75.84341869,null,45
7:37:45 AM,75.80907293,null,45
7:37:46 AM,75.80907293,null,45
7:37:47 AM,75.84341869,null,45
7:37:48 AM,75.84341869,null,45
7:37:49 AM,75.84341869,null,45
7:37:50 AM,75.84341869,null,45
7:37:51 AM,75.87776482,null,45
7:37:52 AM,75.84341869,null,45
7:37:53 AM,75.84341869,null,45
7:37:54 AM,75.87776482,null,45
7:37:55 AM,75.84341869,null,45
7:37:56 AM,75.84341869,null,45
7:37:57 AM,75.84341869,null,45
7:37:58 AM,75.9121113,null,45
7:37:59 AM,75.9121113,null,45
7:38:01 AM,75.87776482,null,45
7:38:01 AM,75.9121113,null,45
7:38:02 AM,75.9121113,null,45
7:38:03 AM,75.9121113,null,45
7:38:04 AM,75.9121113,null,45
7:38:05 AM,75.9121113,null,45
7:38:06 AM,75.94645814,null,45
7:38:07 AM,75.94645814,null,45
7:38:08 AM,75.94645814,null,45
7:38:09 AM,75.9121113,null,45
7:38:10 AM,75.94645814,null,45
7:38:11 AM,75.9121113,null,45
7:38:12 AM,75.9121113,null,45
7:38:13 AM,75.94645814,null,45
7:38:15 AM,75.94645814,null,45
7:38:15 AM,75.94645814,null,45
7:38:16 AM,75.94645814,null,45
7:38:17 AM,75.94645814,null,45
7:38:18 AM,75.94645814,null,45
7:38:19 AM,75.94645814,null,45
7:38:20 AM,75.94645814,null,45
7:38:21 AM,75.94645814,null,45
,,,
,,,
,,,
,,,
,,,
,,,
,,,
,,,
,,,
,,,
,,,
,,,
,,,
,,,
,,,
,,,
,,,
,,,
,,,
,,,
,,,
,,,
,,,
,,,
,,,
,,,
,,,
,,,
,,,
,,,
,,,
,,,
,,,
,,,
,,,
,,,
,,,
,,,
,,,
,,,
,,,
,,,
,,,
,,,
,,,
,,,
,,,
,,,
,,,
,,,
,,,
,,,
,,,
,,,
,,,
,,,
,,,
,,,
,,,
,,,
,,,
,,,
,,,
,,,
,,,
,,,
,,,
,,,
,,,
,,,
,,,
,,,
,,,
,,,
,,,
,,,
,,,
,,,
,,,
,,,
,,,
,,,
,,,
,,,
,,,
,,,
,,,
,,,
,,,
,,,
,,,
,,,
,,,
,,,
,,,
,,,
,,,
,,,
,,,
,,,
,,,
,,,
,,,
,,,
,,,
,,,
,,,
,,,
,,,
,,,
,,,
,,,
,,,
,,,
,,,
,,,
,,,
,,,
,,,
,,,
,,,
,,,
,,,
,,,
,,,
,,,
,,,
,,,
,,,
,,,
,,,
,,,
,,,
,,,
,,,
,,,
,,,
,,,
,,,
,,,
,,,
,,,
,,,
,,,
,,,
,,,
,,,
,,,
,,,
,,,
,,,
,,,
,,,
,,,
,,,
,,,
,,,
,,,
,,,
,,,
,,,
,,,
,,,
,,,
,,,
,,,
,,,
,,,
,,,
,,,
,,,
,,,
,,,
,,,
,,,
,,,
,,,
,,,
,,,
,,,
,,,
,,,
,,,
,,,
,,,
,,,
,,,
,,,
,,,
,,,
,,,
,,,
,,,
,,,
,,,
,,,
,,,
,,,
,,,
,,,
,,,
,,,
,,,
,,,
,,,
,,,
,,,
,,,
,,,
,,,
,,,
,,,
,,,
,,,
,,,
,,,
,,,
,,,
,,,
,,,
,,,
,,,
,,,
,,,
,,,
,,,
,,,
,,,
,,,
,,,
,,,
,,,
,,,
,,,
,,,
,,,
,,,
,,,
,,,
,,,
,,,
,,,
,,,
,,,
,,,
,,,
,,,
,,,
,,,
,,,
,,,
,,,
,,,
,,,
,,,
,,,
,,,
,,,
,,,
,,,
,,,
,,,
,,,
,,,
,,,
,,,
,,,
,,,
,,,
,,,
,,,
,,,
,,,
,,,
,,,
,,,
,,,
,,,
,,,
,,,
,,,
,,,
,,,
,,,
,,,
,,,
,,,
,,,
,,,
,,,
,,,
,,,
,,,
,,,
,,,
,,,
,,,
,,,
,,,
,,,
,,,
,,,
,,,
,,,
,,,
,,,
,,,
,,,
,,,
,,,
,,,
,,,
,,,
,,,
,,,
,,,
,,,
,,,
,,,
,,,
,,,
,,,
,,,
,,,
,,,
,,,
,,,
,,,
,,,
,,,
,,,
,,,
,,,
,,,
,,,
,,,
,,,
,,,
,,,
,,,
,,,
,,,
,,,
,,,
,,,
,,,
,,,
,,,
,,,
,,,
,,,
,,,
,,,
,,,
,,,
,,,
,,,
,,,
,,,
,,,
,,,
,,,
,,,
,,,
,,,
,,,
,,,
,,,
,,,
,,,
,,,
,,,
,,,
,,,
,,,
,,,
,,,
,,,
,,,
,,,
,,,
,,,
,,,
,,,
,,,
,,,
,,,
,,,
,,,
,,,
,,,
,,,
,,,
,,,
,,,
,,,
,,,
,,,
,,,
,,,
,,,
,,,
,,,
,,,
,,,
,,,
,,,
,,,
,,,
,,,
,,,
,,,
,,,
,,,
,,,
,,,
,,,
,,,
,,,
,,,
,,,
,,,
,,,
,,,
,,,
,,,
,,,
,,,
,,,
,,,
,,,
,,,
,,,
,,,
,,,
,,,
,,,
,,,
,,,
,,,
,,,
,,,
,,,
,,,
,,,
,,,
,,,
,,,
,,,
,,,
,,,
,,,
,,,
,,,
,,,
,,,
,,,
,,,
,,,
,,,
,,,
,,,
,,,
,,,
,,,
,,,
,,,
,,,
,,,
,,,
,,,
,,,
,,,
,,,
,,,
,,,
,,,
,,,
,,,
,,,
,,,
,,,
,,,
,,,
,,,
,,,
,,,
,,,
,,,
,,,
,,,
,,,
,,,
,,,
,,,
,,,
,,,
,,,
,,,
,,,
,,,
,,,
,,,
,,,
,,,
,,,
,,,
,,,
,,,
,,,
,,,
,,,
,,,
,,,
,,,
,,,
,,,
,,,
,,,
,,,
,,,
,,,
,,,
,,,
,,,
,,,
,,,
,,,
,,,
,,,
,,,
,,,
,,,
,,,
,,,
,,,
,,,
,,,
,,,
,,,
,,,
,,,
,,,
,,,
,,,
,,,
,,,
,,,
,,,
,,,
,,,
,,,
,,,
,,,
,,,
,,,
,,,
,,,
,,,
,,,
,,,
,,,
,,,
,,,
,,,
,,,
,,,
,,,
,,,
,,,
,,,
,,,
,,,
,,,
,,,
,,,
,,,
,,,
,,,
,,,
,,,
,,,
,,,
,,,
,,,
,,,
,,,
,,,
,,,
,,,
,,,
,,,
,,,
,,,
,,,
,,,
,,,
,,,
,,,
,,,
,,,
,,,
,,,
,,,
,,,
,,,
,,,
,,,
,,,
,,,
,,,
,,,
,,,
,,,
,,,
,,,
,,,
,,,
,,,
,,,
,,,
,,,
,,,
,,,
,,,
,,,
,,,
,,,
,,,
,,,
,,,
,,,
,,,
,,,
,,,
,,,
,,,
,,,
,,,
,,,
,,,
,,,
,,,
,,,
,,,
,,,
,,,
,,,
,,,
,,,
,,,
,,,
,,,
,,,
,,,
,,,
,,,
,,,
,,,
,,,
,,,
,,,
,,,
,,,
,,,
,,,
,,,
,,,
,,,
,,,
,,,
,,,
,,,
,,,
,,,
,,,
,,,
,,,
,,,
,,,
,,,
,,,
,,,
,,,
,,,
,,,
,,,
,,,
,,,
,,,
,,,
,,,
,,,
,,,
,,,
,,,
,,,
,,,
,,,
,,,
,,,
,,,
,,,
,,,
,,,
,,,
,,,
,,,
,,,
,,,
,,,
,,,
,,,
,,,
,,,
,,,
,,,
,,,
,,,
,,,
,,,
,,,
,,,
,,,
,,,
,,,
,,,
,,,
,,,
,,,
,,,
,,,
,,,
,,,
,,,
,,,
,,,
,,,
,,,
,,,
,,,
,,,
,,,
,,,
,,,
,,,
,,,
,,,
,,,
,,,
,,,
,,,
,,,
,,,
,,,
,,,
,,,
,,,
,,,
,,,
,,,
,,,
,,,
,,,
,,,
,,,
,,,
,,,
,,,
,,,
,,,
,,,
,,,
,,,
,,,
,,,
,,,
,,,
,,,
,,,
,,,
,,,
,,,
,,,
,,,
,,,
,,,
,,,
,,,
,,,
,,,
,,,
,,,
,,,
,,,
,,,
,,,
,,,
,,,
,,,
,,,
,,,
,,,
,,,
,,,
,,,
,,,
,,,
,,,
,,,
,,,
,,,
,,,
,,,
,,,
,,,
,,,
,,,
,,,
,,,
,,,
,,,
,,,
,,,
,,,
,,,
,,,
,,,
,,,
,,,
,,,
,,,
,,,
,,,
,,,
,,,
,,,
,,,
,,,
,,,
,,,
,,,
,,,
,,,
,,,
,,,
,,,
,,,
,,,
,,,
,,,
,,,
,,,
,,,
,,,
,,,
,,,
,,,
,,,
,,,
,,,
,,,
,,,
,,,
,,,
,,,
,,,
,,,
,,,
,,,
,,,
,,,
,,,
,,,
,,,
,,,
,,,
,,,
,,,
,,,
,,,
,,,
,,,
,,,
,,,
,,,
,,,
,,,
,,,
,,,
,,,
,,,
,,,
,,,
,,,
,,,
,,,
,,,
,,,
,,,
,,,
,,,
,,,
,,,
,,,
,,,
,,,
,,,
,,,
,,,
,,,
,,,
,,,
,,,
,,,
,,,
,,,
,,,
,,,
,,,
,,,
,,,
,,,
,,,
,,,
,,,
,,,
,,,
,,,
,,,
,,,
,,,
,,,
,,,
,,,
,,,
,,,
,,,
,,,
,,,
,,,
,,,
,,,
,,,
,,,
,,,
,,,
,,,
,,,
,,,
,,,
,,,
,,,
,,,
,,,
,,,
,,,
,,,
,,,
,,,
,,,
,,,
,,,
,,,
,,,
,,,
,,,
,,,
,,,
,,,
,,,
,,,
,,,
,,,
,,,
,,,
,,,
,,,
,,,
,,,
,,,
,,,
,,,
,,,
,,,
,,,
,,,
,,,
,,,
,,,
,,,
,,,
,,,
,,,
,,,
,,,
,,,
,,,
,,,
,,,
,,,
,,,
,,,
,,,
,,,
,,,
,,,
,,,
,,,
,,,
,,,
,,,
,,,
,,,
,,,
,,,
,,,
,,,
,,,
,,,
,,,
,,,
,,,
,,,
,,,
,,,
,,,
,,,
,,,
,,,
,,,
,,,
,,,
,,,
,,,
,,,
,,,
,,,
,,,
,,,
,,,
,,,
,,,
,,,
,,,
,,,
,,,
,,,
,,,
,,,
,,,
,,,
,,,
,,,
,,,
,,,
,,,
,,,
,,,
,,,
,,,
,,,
,,,
,,,
,,,
,,,
,,,
,,,
,,,
,,,
,,,
,,,
,,,
,,,
,,,
,,,
,,,
,,,
,,,
,,,
,,,
,,,
,,,
,,,
,,,
,,,
,,,
,,,
,,,
,,,
,,,
,,,
,,,
,,,
,,,
,,,
,,,
,,,
,,,
,,,
,,,
,,,
,,,
,,,
,,,
,,,
,,,
,,,
,,,
,,,
,,,
,,,
,,,
,,,
,,,
,,,
,,,
,,,
,,,
,,,
,,,
,,,
,,,
,,,
,,,
,,,
,,,
,,,
,,,
,,,
,,,
,,,
,,,
,,,
,,,
,,,
,,,
,,,
,,,
,,,
,,,
,,,
,,,
,,,
,,,
,,,
,,,
,,,
,,,
,,,
,,,
,,,
,,,
,,,
,,,
,,,
,,,
,,,
,,,
,,,
,,,
,,,
,,,
,,,
,,,
,,,
,,,
,,,
,,,
,,,
,,,
,,,
,,,
,,,
,,,
,,,
,,,
,,,
,,,
,,,
,,,
,,,
,,,
,,,
,,,
,,,
,,,
,,,
,,,
,,,
,,,
,,,
,,,
,,,
,,,
,,,
,,,
,,,
,,,
,,,
,,,
,,,
,,,
,,,
,,,
,,,
,,,
,,,
,,,
,,,
,,,
,,,
,,,
,,,
,,,
,,,
,,,
,,,
,,,
,,,
,,,
,,,
,,,
,,,
,,,
,,,
,,,
,,,
,,,
,,,
,,,
,,,
,,,
,,,
,,,
,,,
,,,
,,,
,,,
,,,
,,,
,,,
,,,
,,,
,,,
,,,
,,,
,,,
,,,
,,,
,,,
,,,
,,,
,,,
,,,
,,,
,,,
,,,
,,,
,,,
,,,
,,,
,,,
,,,
,,,
,,,
,,,
,,,
,,,
,,,
,,,
,,,
,,,
,,,
,,,
,,,
,,,
,,,
,,,
,,,
,,,
,,,
,,,
,,,
,,,
,,,
,,,
,,,
,,,
,,,
,,,
,,,
,,,
,,,
,,,
,,,
,,,
,,,
,,,
,,,
,,,
,,,
,,,
,,,
,,,
,,,
,,,
,,,
,,,
,,,
,,,
,,,
,,,
,,,
,,,
,,,
,,,
,,,
,,,
,,,
,,,
,,,
,,,
,,,
,,,
,,,
,,,
,,,
,,,
,,,
,,,
,,,
,,,
,,,
,,,
,,,
,,,
,,,
,,,
,,,
,,,
,,,
,,,
,,,
,,,
,,,
,,,
,,,
,,,
,,,
,,,
,,,
,,,
,,,
,,,
,,,
,,,
,,,
,,,
,,,
,,,
,,,
,,,
,,,
,,,
,,,
,,,
,,,
,,,
,,,
,,,
,,,
,,,
,,,
,,,
,,,
,,,
,,,
,,,
,,,
,,,
,,,
,,,
,,,
,,,
,,,
,,,
,,,
,,,
,,,
,,,
,,,
,,,
,,,
,,,
,,,
,,,
,,,
,,,
,,,
,,,
,,,
,,,
,,,
,,,
,,,
,,,
,,,
,,,
,,,
,,,
,,,
,,,
,,,
,,,
,,,
,,,
,,,
,,,
,,,
,,,
,,,
,,,
,,,
,,,
,,,
,,,
,,,
,,,
,,,
,,,
,,,
,,,
,,,
,,,
,,,
,,,
,,,
,,,
,,,
,,,
,,,
,,,
,,,
,,,
,,,
,,,
,,,
,,,
,,,
,,,
,,,
,,,
,,,
,,,
,,,
,,,
,,,
,,,
,,,
,,,
,,,
,,,
,,,
,,,
,,,
,,,
,,,
,,,
,,,
,,,
,,,
,,,
,,,
,,,
,,,
,,,
,,,
,,,
,,,
,,,
,,,
,,,
,,,
,,,
,,,
,,,
,,,
,,,
,,,
,,,
,,,
,,,
,,,
,,,
,,,
,,,
,,,
,,,
,,,
,,,
,,,
,,,
,,,
,,,
,,,
,,,
,,,
,,,
,,,
,,,
,,,
,,,
,,,
,,,
,,,
,,,
,,,
,,,
,,,
,,,
,,,
,,,
,,,
,,,
,,,
,,,
,,,
,,,
,,,
,,,
,,,
,,,
,,,
,,,
,,,
,,,
,,,
,,,
,,,
,,,
,,,
,,,
,,,
,,,
,,,
,,,
,,,
,,,
,,,
,,,
,,,
,,,
,,,
,,,
,,,
,,,
,,,
,,,
,,,
,,,
,,,
,,,
,,,
,,,
,,,
,,,
,,,
,,,
,,,
,,,
,,,
,,,
,,,
,,,
,,,
,,,
,,,
,,,
,,,
,,,
,,,
,,,
,,,
,,,
,,,
,,,
,,,
,,,
,,,
,,,
,,,
,,,
,,,
,,,
,,,
,,,
,,,
,,,
,,,
,,,
,,,
,,,
,,,
,,,
,,,
,,,
,,,
,,,
,,,
,,,
,,,
,,,
,,,
,,,
,,,
,,,
,,,
,,,
,,,
,,,
,,,
,,,
,,,
,,,
,,,
,,,
,,,
,,,
,,,
,,,
,,,
,,,
,,,
,,,
,,,
,,,
,,,
,,,
,,,
,,,
,,,
,,,
,,,
,,,
,,,
,,,
,,,
,,,
,,,
,,,
,,,
,,,
,,,
,,,
,,,
,,,
,,,
,,,
,,,
,,,
,,,
,,,
,,,
,,,
,,,
,,,
,,,
,,,
,,,
,,,
,,,
,,,
,,,
,,,
,,,
,,,
,,,
,,,
,,,
,,,
,,,
,,,
,,,
,,,
,,,
,,,
,,,
,,,
,,,
,,,
,,,
,,,
,,,
,,,
,,,
,,,
,,,
,,,
,,,
,,,
,,,
,,,
,,,
,,,
,,,
,,,
,,,
,,,
,,,
,,,
,,,
,,,
,,,
,,,
,,,
,,,
,,,
,,,
,,,
,,,
,,,
,,,
,,,
,,,
,,,
,,,
,,,
,,,
,,,
,,,
,,,
,,,
,,,
,,,
,,,
,,,
,,,
,,,
,,,
,,,
,,,
,,,
,,,
,,,
,,,
,,,
,,,
,,,
,,,
,,,
,,,
,,,
,,,
,,,
,,,
,,,
,,,
,,,
,,,
,,,
,,,
,,,
,,,
,,,
,,,
,,,
,,,
,,,
,,,
,,,
,,,
,,,
,,,
,,,
,,,
,,,
,,,
,,,
,,,
,,,
,,,
,,,
,,,
,,,
,,,
,,,
,,,
,,,
,,,
,,,
,,,
,,,
,,,
,,,
,,,
,,,
,,,
,,,
,,,
,,,
,,,
,,,
,,,
,,,
,,,
,,,
,,,
,,,
,,,
,,,
,,,
,,,
,,,
,,,
,,,
,,,
,,,
,,,
,,,
,,,
,,,
,,,
,,,
,,,
,,,
,,,
,,,
,,,
,,,
,,,
,,,
,,,
,,,
,,,
,,,
,,,
,,,
,,,
,,,
,,,
,,,
,,,
,,,
,,,
,,,
,,,
,,,
,,,
,,,
,,,
,,,
,,,
,,,
,,,
,,,
,,,
,,,
,,,
,,,
,,,
,,,
,,,
,,,
,,,
,,,
,,,
,,,
,,,
,,,
,,,
,,,
,,,
,,,
,,,
,,,
,,,
,,,
,,,
,,,
,,,
,,,
,,,
,,,
,,,
,,,
,,,
,,,
,,,
,,,
,,,
,,,
,,,
,,,
,,,
,,,
,,,
,,,
,,,
,,,
,,,
,,,
,,,
,,,
,,,
,,,
,,,
,,,
,,,
,,,
,,,
,,,
,,,
,,,
,,,
,,,
,,,
,,,
,,,
,,,
,,,
,,,
,,,
,,,
,,,
,,,
,,,
,,,
,,,
,,,
,,,
,,,
,,,
,,,
,,,
,,,
,,,
,,,
,,,
,,,
,,,
,,,
,,,
,,,
,,,
,,,
,,,
,,,
,,,
,,,
,,,
,,,
,,,
,,,
,,,
,,,
,,,
,,,
,,,
,,,
,,,
,,,
,,,
,,,
,,,
,,,
,,,
,,,
,,,
,,,
,,,
,,,
,,,
,,,
,,,
,,,
,,,
,,,
,,,
,,,
,,,
,,,
,,,
,,,
,,,
,,,
,,,
,,,
,,,
,,,
,,,
,,,
,,,
,,,
,,,
,,,
,,,
,,,
,,,
,,,
,,,
,,,
,,,
,,,
,,,
,,,
,,,
,,,
,,,
,,,
,,,
,,,
,,,
,,,
,,,
,,,
,,,
,,,
,,,
,,,
,,,
,,,
,,,
,,,
,,,
,,,
,,,
,,,
,,,
,,,
,,,
,,,
,,,
,,,
,,,
,,,
,,,
,,,
,,,
,,,
,,,
,,,
,,,
,,,
,,,
,,,
,,,
,,,
,,,
,,,
,,,
,,,
,,,
,,,
,,,
,,,
,,,
,,,
,,,
,,,
,,,
,,,
,,,
,,,
,,,
,,,
,,,
,,,
,,,
,,,
